landuse,name,city
residential,,"City of North Vancouver, British Columbia, Canada"
residential,,"City of North Vancouver, British Columbia, Canada"
industrial,Lynnterm Terminal,"City of North Vancouver, British Columbia, Canada"
meadow,,"City of North Vancouver, British Columbia, Canada"
farmland,Loutet Farm,"City of North Vancouver, British Columbia, Canada"
harbour,Vancouver,"City of North Vancouver, British Columbia, Canada"
industrial,Cargill Grain Terminal,"City of North Vancouver, British Columbia, Canada"
industrial,Richardson,"City of North Vancouver, British Columbia, Canada"
industrial,G3 Terminal,"City of North Vancouver, British Columbia, Canada"
recreation_ground,,"City of North Vancouver, British Columbia, Canada"
industrial,,"City of North Vancouver, British Columbia, Canada"
retail,Park and Tilford Shops & Garden,"City of North Vancouver, British Columbia, Canada"
industrial,,"City of North Vancouver, British Columbia, Canada"
residential,,"City of North Vancouver, British Columbia, Canada"
residential,,"City of North Vancouver, British Columbia, Canada"
residential,,"City of North Vancouver, British Columbia, Canada"
residential,,"City of North Vancouver, British Columbia, Canada"
residential,,"City of North Vancouver, British Columbia, Canada"
residential,,"City of North Vancouver, British Columbia, Canada"
residential,,"City of North Vancouver, British Columbia, Canada"
residential,,"City of North Vancouver, British Columbia, Canada"
residential,,"City of North Vancouver, British Columbia, Canada"
residential,,"City of North Vancouver, British Columbia, Canada"
residential,,"City of North Vancouver, British Columbia, Canada"
residential,,"City of North Vancouver, British Columbia, Canada"
residential,,"City of North Vancouver, British Columbia, Canada"
residential,,"City of North Vancouver, British Columbia, Canada"
residential,,"City of North Vancouver, British Columbia, Canada"
residential,,"City of North Vancouver, British Columbia, Canada"
residential,,"City of North Vancouver, British Columbia, Canada"
residential,,"City of North Vancouver, British Columbia, Canada"
residential,,"City of North Vancouver, British Columbia, Canada"
residential,,"City of North Vancouver, British Columbia, Canada"
residential,,"City of North Vancouver, British Columbia, Canada"
residential,,"City of North Vancouver, British Columbia, Canada"
residential,,"City of North Vancouver, British Columbia, Canada"
residential,,"City of North Vancouver, British Columbia, Canada"
residential,,"City of North Vancouver, British Columbia, Canada"
residential,,"City of North Vancouver, British Columbia, Canada"
residential,,"City of North Vancouver, British Columbia, Canada"
residential,,"City of North Vancouver, British Columbia, Canada"
residential,,"City of North Vancouver, British Columbia, Canada"
residential,,"City of North Vancouver, British Columbia, Canada"
residential,,"City of North Vancouver, British Columbia, Canada"
residential,,"City of North Vancouver, British Columbia, Canada"
residential,,"City of North Vancouver, British Columbia, Canada"
residential,,"City of North Vancouver, British Columbia, Canada"
residential,,"City of North Vancouver, British Columbia, Canada"
residential,,"City of North Vancouver, British Columbia, Canada"
residential,,"City of North Vancouver, British Columbia, Canada"
residential,,"City of North Vancouver, British Columbia, Canada"
residential,,"City of North Vancouver, British Columbia, Canada"
residential,,"City of North Vancouver, British Columbia, Canada"
residential,,"City of North Vancouver, British Columbia, Canada"
residential,,"City of North Vancouver, British Columbia, Canada"
residential,,"City of North Vancouver, British Columbia, Canada"
residential,,"City of North Vancouver, British Columbia, Canada"
residential,,"City of North Vancouver, British Columbia, Canada"
residential,,"City of North Vancouver, British Columbia, Canada"
residential,,"City of North Vancouver, British Columbia, Canada"
residential,,"City of North Vancouver, British Columbia, Canada"
residential,,"City of North Vancouver, British Columbia, Canada"
residential,,"City of North Vancouver, British Columbia, Canada"
residential,,"City of North Vancouver, British Columbia, Canada"
residential,,"City of North Vancouver, British Columbia, Canada"
residential,,"City of North Vancouver, British Columbia, Canada"
residential,,"City of North Vancouver, British Columbia, Canada"
residential,,"City of North Vancouver, British Columbia, Canada"
residential,,"City of North Vancouver, British Columbia, Canada"
residential,,"City of North Vancouver, British Columbia, Canada"
residential,,"City of North Vancouver, British Columbia, Canada"
residential,,"City of North Vancouver, British Columbia, Canada"
residential,,"City of North Vancouver, British Columbia, Canada"
residential,,"City of North Vancouver, British Columbia, Canada"
residential,,"City of North Vancouver, British Columbia, Canada"
residential,,"City of North Vancouver, British Columbia, Canada"
residential,,"City of North Vancouver, British Columbia, Canada"
residential,,"City of North Vancouver, British Columbia, Canada"
residential,,"City of North Vancouver, British Columbia, Canada"
residential,,"City of North Vancouver, British Columbia, Canada"
residential,,"City of North Vancouver, British Columbia, Canada"
residential,,"City of North Vancouver, British Columbia, Canada"
residential,,"City of North Vancouver, British Columbia, Canada"
residential,,"City of North Vancouver, British Columbia, Canada"
residential,,"City of North Vancouver, British Columbia, Canada"
residential,,"City of North Vancouver, British Columbia, Canada"
residential,,"City of North Vancouver, British Columbia, Canada"
residential,,"City of North Vancouver, British Columbia, Canada"
residential,,"City of North Vancouver, British Columbia, Canada"
residential,,"City of North Vancouver, British Columbia, Canada"
residential,,"City of North Vancouver, British Columbia, Canada"
residential,,"City of North Vancouver, British Columbia, Canada"
residential,,"City of North Vancouver, British Columbia, Canada"
residential,,"City of North Vancouver, British Columbia, Canada"
residential,,"City of North Vancouver, British Columbia, Canada"
residential,,"City of North Vancouver, British Columbia, Canada"
residential,,"City of North Vancouver, British Columbia, Canada"
residential,,"City of North Vancouver, British Columbia, Canada"
residential,,"City of North Vancouver, British Columbia, Canada"
residential,,"City of North Vancouver, British Columbia, Canada"
residential,,"City of North Vancouver, British Columbia, Canada"
residential,,"City of North Vancouver, British Columbia, Canada"
residential,,"City of North Vancouver, British Columbia, Canada"
residential,,"City of North Vancouver, British Columbia, Canada"
residential,,"City of North Vancouver, British Columbia, Canada"
residential,,"City of North Vancouver, British Columbia, Canada"
residential,,"City of North Vancouver, British Columbia, Canada"
residential,,"City of North Vancouver, British Columbia, Canada"
residential,,"City of North Vancouver, British Columbia, Canada"
residential,,"City of North Vancouver, British Columbia, Canada"
residential,,"City of North Vancouver, British Columbia, Canada"
residential,,"City of North Vancouver, British Columbia, Canada"
residential,,"City of North Vancouver, British Columbia, Canada"
residential,,"City of North Vancouver, British Columbia, Canada"
residential,,"City of North Vancouver, British Columbia, Canada"
residential,,"City of North Vancouver, British Columbia, Canada"
residential,,"City of North Vancouver, British Columbia, Canada"
residential,,"City of North Vancouver, British Columbia, Canada"
residential,,"City of North Vancouver, British Columbia, Canada"
residential,,"City of North Vancouver, British Columbia, Canada"
residential,,"City of North Vancouver, British Columbia, Canada"
residential,,"City of North Vancouver, British Columbia, Canada"
residential,,"City of North Vancouver, British Columbia, Canada"
residential,,"City of North Vancouver, British Columbia, Canada"
residential,,"City of North Vancouver, British Columbia, Canada"
residential,,"City of North Vancouver, British Columbia, Canada"
residential,,"City of North Vancouver, British Columbia, Canada"
residential,,"City of North Vancouver, British Columbia, Canada"
residential,,"City of North Vancouver, British Columbia, Canada"
residential,,"City of North Vancouver, British Columbia, Canada"
residential,,"City of North Vancouver, British Columbia, Canada"
residential,,"City of North Vancouver, British Columbia, Canada"
residential,,"City of North Vancouver, British Columbia, Canada"
residential,,"City of North Vancouver, British Columbia, Canada"
residential,,"City of North Vancouver, British Columbia, Canada"
residential,,"City of North Vancouver, British Columbia, Canada"
residential,,"City of North Vancouver, British Columbia, Canada"
residential,,"City of North Vancouver, British Columbia, Canada"
residential,,"City of North Vancouver, British Columbia, Canada"
residential,,"City of North Vancouver, British Columbia, Canada"
residential,,"City of North Vancouver, British Columbia, Canada"
residential,,"City of North Vancouver, British Columbia, Canada"
residential,,"City of North Vancouver, British Columbia, Canada"
residential,,"City of North Vancouver, British Columbia, Canada"
residential,,"City of North Vancouver, British Columbia, Canada"
residential,,"City of North Vancouver, British Columbia, Canada"
residential,,"City of North Vancouver, British Columbia, Canada"
residential,,"City of North Vancouver, British Columbia, Canada"
residential,,"City of North Vancouver, British Columbia, Canada"
residential,,"City of North Vancouver, British Columbia, Canada"
residential,,"City of North Vancouver, British Columbia, Canada"
residential,,"City of North Vancouver, British Columbia, Canada"
residential,,"City of North Vancouver, British Columbia, Canada"
residential,,"City of North Vancouver, British Columbia, Canada"
residential,,"City of North Vancouver, British Columbia, Canada"
residential,,"City of North Vancouver, British Columbia, Canada"
residential,,"City of North Vancouver, British Columbia, Canada"
residential,,"City of North Vancouver, British Columbia, Canada"
residential,,"City of North Vancouver, British Columbia, Canada"
residential,,"City of North Vancouver, British Columbia, Canada"
residential,,"City of North Vancouver, British Columbia, Canada"
residential,,"City of North Vancouver, British Columbia, Canada"
residential,,"City of North Vancouver, British Columbia, Canada"
residential,,"City of North Vancouver, British Columbia, Canada"
residential,,"City of North Vancouver, British Columbia, Canada"
residential,,"City of North Vancouver, British Columbia, Canada"
residential,,"City of North Vancouver, British Columbia, Canada"
residential,,"City of North Vancouver, British Columbia, Canada"
residential,,"City of North Vancouver, British Columbia, Canada"
residential,,"City of North Vancouver, British Columbia, Canada"
residential,,"City of North Vancouver, British Columbia, Canada"
residential,,"City of North Vancouver, British Columbia, Canada"
residential,,"City of North Vancouver, British Columbia, Canada"
residential,,"City of North Vancouver, British Columbia, Canada"
residential,,"City of North Vancouver, British Columbia, Canada"
residential,,"City of North Vancouver, British Columbia, Canada"
residential,,"City of North Vancouver, British Columbia, Canada"
residential,,"City of North Vancouver, British Columbia, Canada"
residential,,"City of North Vancouver, British Columbia, Canada"
residential,,"City of North Vancouver, British Columbia, Canada"
residential,,"City of North Vancouver, British Columbia, Canada"
residential,,"City of North Vancouver, British Columbia, Canada"
residential,,"City of North Vancouver, British Columbia, Canada"
residential,,"City of North Vancouver, British Columbia, Canada"
residential,,"City of North Vancouver, British Columbia, Canada"
residential,,"City of North Vancouver, British Columbia, Canada"
residential,,"City of North Vancouver, British Columbia, Canada"
residential,,"City of North Vancouver, British Columbia, Canada"
residential,,"City of North Vancouver, British Columbia, Canada"
residential,,"City of North Vancouver, British Columbia, Canada"
residential,,"City of North Vancouver, British Columbia, Canada"
residential,,"City of North Vancouver, British Columbia, Canada"
residential,,"City of North Vancouver, British Columbia, Canada"
residential,,"City of North Vancouver, British Columbia, Canada"
residential,,"City of North Vancouver, British Columbia, Canada"
residential,,"City of North Vancouver, British Columbia, Canada"
residential,,"City of North Vancouver, British Columbia, Canada"
residential,,"City of North Vancouver, British Columbia, Canada"
residential,,"City of North Vancouver, British Columbia, Canada"
residential,,"City of North Vancouver, British Columbia, Canada"
residential,,"City of North Vancouver, British Columbia, Canada"
residential,,"City of North Vancouver, British Columbia, Canada"
residential,,"City of North Vancouver, British Columbia, Canada"
residential,,"City of North Vancouver, British Columbia, Canada"
residential,,"City of North Vancouver, British Columbia, Canada"
residential,,"City of North Vancouver, British Columbia, Canada"
residential,,"City of North Vancouver, British Columbia, Canada"
residential,,"City of North Vancouver, British Columbia, Canada"
residential,,"City of North Vancouver, British Columbia, Canada"
residential,,"City of North Vancouver, British Columbia, Canada"
residential,,"City of North Vancouver, British Columbia, Canada"
residential,,"City of North Vancouver, British Columbia, Canada"
residential,,"City of North Vancouver, British Columbia, Canada"
residential,,"City of North Vancouver, British Columbia, Canada"
residential,,"City of North Vancouver, British Columbia, Canada"
residential,,"City of North Vancouver, British Columbia, Canada"
residential,,"City of North Vancouver, British Columbia, Canada"
residential,,"City of North Vancouver, British Columbia, Canada"
residential,,"City of North Vancouver, British Columbia, Canada"
residential,,"City of North Vancouver, British Columbia, Canada"
residential,,"City of North Vancouver, British Columbia, Canada"
residential,,"City of North Vancouver, British Columbia, Canada"
residential,,"City of North Vancouver, British Columbia, Canada"
residential,,"City of North Vancouver, British Columbia, Canada"
residential,,"City of North Vancouver, British Columbia, Canada"
residential,,"City of North Vancouver, British Columbia, Canada"
residential,,"City of North Vancouver, British Columbia, Canada"
residential,,"City of North Vancouver, British Columbia, Canada"
residential,,"City of North Vancouver, British Columbia, Canada"
religious,,"City of North Vancouver, British Columbia, Canada"
residential,,"City of North Vancouver, British Columbia, Canada"
residential,,"City of North Vancouver, British Columbia, Canada"
residential,,"City of North Vancouver, British Columbia, Canada"
residential,,"City of North Vancouver, British Columbia, Canada"
residential,,"City of North Vancouver, British Columbia, Canada"
residential,,"City of North Vancouver, British Columbia, Canada"
residential,,"City of North Vancouver, British Columbia, Canada"
residential,,"City of North Vancouver, British Columbia, Canada"
residential,,"City of North Vancouver, British Columbia, Canada"
residential,,"City of North Vancouver, British Columbia, Canada"
residential,,"City of North Vancouver, British Columbia, Canada"
residential,,"City of North Vancouver, British Columbia, Canada"
residential,,"City of North Vancouver, British Columbia, Canada"
residential,,"City of North Vancouver, British Columbia, Canada"
residential,,"City of North Vancouver, British Columbia, Canada"
residential,,"City of North Vancouver, British Columbia, Canada"
residential,,"City of North Vancouver, British Columbia, Canada"
residential,,"City of North Vancouver, British Columbia, Canada"
residential,,"City of North Vancouver, British Columbia, Canada"
residential,,"City of North Vancouver, British Columbia, Canada"
residential,,"City of North Vancouver, British Columbia, Canada"
residential,,"City of North Vancouver, British Columbia, Canada"
residential,,"City of North Vancouver, British Columbia, Canada"
residential,,"City of North Vancouver, British Columbia, Canada"
residential,,"City of North Vancouver, British Columbia, Canada"
residential,,"City of North Vancouver, British Columbia, Canada"
residential,,"City of North Vancouver, British Columbia, Canada"
residential,,"City of North Vancouver, British Columbia, Canada"
residential,,"City of North Vancouver, British Columbia, Canada"
residential,,"City of North Vancouver, British Columbia, Canada"
residential,,"City of North Vancouver, British Columbia, Canada"
residential,,"City of North Vancouver, British Columbia, Canada"
residential,,"City of North Vancouver, British Columbia, Canada"
residential,,"City of North Vancouver, British Columbia, Canada"
residential,,"City of North Vancouver, British Columbia, Canada"
residential,,"City of North Vancouver, British Columbia, Canada"
residential,,"City of North Vancouver, British Columbia, Canada"
residential,,"City of North Vancouver, British Columbia, Canada"
residential,,"City of North Vancouver, British Columbia, Canada"
residential,,"City of North Vancouver, British Columbia, Canada"
residential,,"City of North Vancouver, British Columbia, Canada"
residential,,"City of North Vancouver, British Columbia, Canada"
residential,,"City of North Vancouver, British Columbia, Canada"
residential,,"City of North Vancouver, British Columbia, Canada"
residential,,"City of North Vancouver, British Columbia, Canada"
residential,,"City of North Vancouver, British Columbia, Canada"
residential,,"City of North Vancouver, British Columbia, Canada"
residential,,"City of North Vancouver, British Columbia, Canada"
residential,,"City of North Vancouver, British Columbia, Canada"
residential,,"City of North Vancouver, British Columbia, Canada"
residential,,"City of North Vancouver, British Columbia, Canada"
residential,,"City of North Vancouver, British Columbia, Canada"
residential,,"City of North Vancouver, British Columbia, Canada"
residential,,"City of North Vancouver, British Columbia, Canada"
residential,,"City of North Vancouver, British Columbia, Canada"
residential,,"City of North Vancouver, British Columbia, Canada"
residential,,"City of North Vancouver, British Columbia, Canada"
residential,,"City of North Vancouver, British Columbia, Canada"
residential,,"City of North Vancouver, British Columbia, Canada"
residential,,"City of North Vancouver, British Columbia, Canada"
residential,,"City of North Vancouver, British Columbia, Canada"
residential,,"City of North Vancouver, British Columbia, Canada"
residential,,"City of North Vancouver, British Columbia, Canada"
residential,,"City of North Vancouver, British Columbia, Canada"
residential,,"City of North Vancouver, British Columbia, Canada"
residential,,"City of North Vancouver, British Columbia, Canada"
residential,,"City of North Vancouver, British Columbia, Canada"
residential,,"City of North Vancouver, British Columbia, Canada"
residential,,"City of North Vancouver, British Columbia, Canada"
residential,,"City of North Vancouver, British Columbia, Canada"
residential,,"City of North Vancouver, British Columbia, Canada"
residential,,"City of North Vancouver, British Columbia, Canada"
residential,,"City of North Vancouver, British Columbia, Canada"
residential,,"City of North Vancouver, British Columbia, Canada"
residential,,"City of North Vancouver, British Columbia, Canada"
residential,,"City of North Vancouver, British Columbia, Canada"
residential,,"City of North Vancouver, British Columbia, Canada"
residential,,"City of North Vancouver, British Columbia, Canada"
residential,,"City of North Vancouver, British Columbia, Canada"
residential,,"City of North Vancouver, British Columbia, Canada"
residential,,"City of North Vancouver, British Columbia, Canada"
residential,,"City of North Vancouver, British Columbia, Canada"
residential,,"City of North Vancouver, British Columbia, Canada"
residential,,"City of North Vancouver, British Columbia, Canada"
residential,,"City of North Vancouver, British Columbia, Canada"
residential,,"City of North Vancouver, British Columbia, Canada"
residential,,"City of North Vancouver, British Columbia, Canada"
residential,,"City of North Vancouver, British Columbia, Canada"
residential,,"City of North Vancouver, British Columbia, Canada"
residential,,"City of North Vancouver, British Columbia, Canada"
residential,,"City of North Vancouver, British Columbia, Canada"
residential,,"City of North Vancouver, British Columbia, Canada"
residential,,"City of North Vancouver, British Columbia, Canada"
residential,,"City of North Vancouver, British Columbia, Canada"
residential,,"City of North Vancouver, British Columbia, Canada"
residential,,"City of North Vancouver, British Columbia, Canada"
residential,,"City of North Vancouver, British Columbia, Canada"
residential,,"City of North Vancouver, British Columbia, Canada"
residential,,"City of North Vancouver, British Columbia, Canada"
residential,,"City of North Vancouver, British Columbia, Canada"
residential,,"City of North Vancouver, British Columbia, Canada"
residential,,"City of North Vancouver, British Columbia, Canada"
residential,,"City of North Vancouver, British Columbia, Canada"
residential,,"City of North Vancouver, British Columbia, Canada"
residential,,"City of North Vancouver, British Columbia, Canada"
residential,,"City of North Vancouver, British Columbia, Canada"
residential,,"City of North Vancouver, British Columbia, Canada"
residential,,"City of North Vancouver, British Columbia, Canada"
residential,,"City of North Vancouver, British Columbia, Canada"
residential,,"City of North Vancouver, British Columbia, Canada"
residential,,"City of North Vancouver, British Columbia, Canada"
residential,,"City of North Vancouver, British Columbia, Canada"
residential,,"City of North Vancouver, British Columbia, Canada"
residential,,"City of North Vancouver, British Columbia, Canada"
residential,,"City of North Vancouver, British Columbia, Canada"
residential,,"City of North Vancouver, British Columbia, Canada"
residential,,"City of North Vancouver, British Columbia, Canada"
residential,,"City of North Vancouver, British Columbia, Canada"
residential,,"City of North Vancouver, British Columbia, Canada"
residential,,"City of North Vancouver, British Columbia, Canada"
residential,,"City of North Vancouver, British Columbia, Canada"
residential,,"City of North Vancouver, British Columbia, Canada"
residential,,"City of North Vancouver, British Columbia, Canada"
residential,,"City of North Vancouver, British Columbia, Canada"
residential,,"City of North Vancouver, British Columbia, Canada"
residential,,"City of North Vancouver, British Columbia, Canada"
residential,,"City of North Vancouver, British Columbia, Canada"
residential,,"City of North Vancouver, British Columbia, Canada"
residential,,"City of North Vancouver, British Columbia, Canada"
residential,,"City of North Vancouver, British Columbia, Canada"
residential,,"City of North Vancouver, British Columbia, Canada"
residential,,"City of North Vancouver, British Columbia, Canada"
residential,,"City of North Vancouver, British Columbia, Canada"
residential,,"City of North Vancouver, British Columbia, Canada"
residential,,"City of North Vancouver, British Columbia, Canada"
residential,,"City of North Vancouver, British Columbia, Canada"
residential,,"City of North Vancouver, British Columbia, Canada"
residential,,"City of North Vancouver, British Columbia, Canada"
cemetery,,"City of North Vancouver, British Columbia, Canada"
recreation_ground,,"City of North Vancouver, British Columbia, Canada"
industrial,City of North Vancouver Operations Centre,"City of North Vancouver, British Columbia, Canada"
meadow,,"City of North Vancouver, British Columbia, Canada"
meadow,,"City of North Vancouver, British Columbia, Canada"
meadow,,"City of North Vancouver, British Columbia, Canada"
forest,,"City of North Vancouver, British Columbia, Canada"
grass,,"City of North Vancouver, British Columbia, Canada"
meadow,,"City of North Vancouver, British Columbia, Canada"
military,,"City of North Vancouver, British Columbia, Canada"
meadow,,"City of North Vancouver, British Columbia, Canada"
meadow,,"City of North Vancouver, British Columbia, Canada"
traffic_island,,"City of North Vancouver, British Columbia, Canada"
traffic_island,,"City of North Vancouver, British Columbia, Canada"
retail,,"City of North Vancouver, British Columbia, Canada"
residential,,"City of North Vancouver, British Columbia, Canada"
retail,Westview Shopping Center,"City of North Vancouver, British Columbia, Canada"
grass,,"City of North Vancouver, British Columbia, Canada"
industrial,Neptune Terminals,"City of North Vancouver, British Columbia, Canada"
industrial,Seaspan Vancouver Shipyard,"City of North Vancouver, British Columbia, Canada"
grass,,"City of North Vancouver, British Columbia, Canada"
grass,,"City of North Vancouver, British Columbia, Canada"
grass,,"City of North Vancouver, British Columbia, Canada"
grass,,"City of North Vancouver, British Columbia, Canada"
retail,,"City of North Vancouver, British Columbia, Canada"
retail,,"City of North Vancouver, British Columbia, Canada"
retail,,"City of North Vancouver, British Columbia, Canada"
retail,,"City of North Vancouver, British Columbia, Canada"
retail,,"City of North Vancouver, British Columbia, Canada"
residential,,"City of North Vancouver, British Columbia, Canada"
residential,,"City of North Vancouver, British Columbia, Canada"
residential,,"City of North Vancouver, British Columbia, Canada"
residential,,"City of North Vancouver, British Columbia, Canada"
residential,,"City of North Vancouver, British Columbia, Canada"
residential,,"City of North Vancouver, British Columbia, Canada"
residential,,"City of North Vancouver, British Columbia, Canada"
residential,,"City of North Vancouver, British Columbia, Canada"
residential,,"City of North Vancouver, British Columbia, Canada"
residential,,"City of North Vancouver, British Columbia, Canada"
residential,,"City of North Vancouver, British Columbia, Canada"
residential,,"City of North Vancouver, British Columbia, Canada"
residential,,"City of North Vancouver, British Columbia, Canada"
residential,,"City of North Vancouver, British Columbia, Canada"
residential,,"City of North Vancouver, British Columbia, Canada"
residential,,"City of North Vancouver, British Columbia, Canada"
residential,,"City of North Vancouver, British Columbia, Canada"
residential,,"City of North Vancouver, British Columbia, Canada"
residential,,"City of North Vancouver, British Columbia, Canada"
residential,,"City of North Vancouver, British Columbia, Canada"
retail,,"City of North Vancouver, British Columbia, Canada"
commercial,,"City of North Vancouver, British Columbia, Canada"
commercial,,"City of North Vancouver, British Columbia, Canada"
industrial,,"City of North Vancouver, British Columbia, Canada"
industrial,North Shore Studios,"City of North Vancouver, British Columbia, Canada"
religious,,"City of North Vancouver, British Columbia, Canada"
residential,,"City of North Vancouver, British Columbia, Canada"
residential,,"City of North Vancouver, British Columbia, Canada"
residential,,"City of North Vancouver, British Columbia, Canada"
residential,,"City of North Vancouver, British Columbia, Canada"
residential,,"City of North Vancouver, British Columbia, Canada"
residential,,"City of North Vancouver, British Columbia, Canada"
residential,,"City of North Vancouver, British Columbia, Canada"
residential,,"City of North Vancouver, British Columbia, Canada"
residential,,"City of North Vancouver, British Columbia, Canada"
residential,,"City of North Vancouver, British Columbia, Canada"
residential,,"City of North Vancouver, British Columbia, Canada"
residential,,"City of North Vancouver, British Columbia, Canada"
residential,,"City of North Vancouver, British Columbia, Canada"
residential,,"City of North Vancouver, British Columbia, Canada"
residential,,"City of North Vancouver, British Columbia, Canada"
residential,,"City of North Vancouver, British Columbia, Canada"
residential,,"City of North Vancouver, British Columbia, Canada"
residential,,"City of North Vancouver, British Columbia, Canada"
residential,,"City of North Vancouver, British Columbia, Canada"
residential,,"City of North Vancouver, British Columbia, Canada"
residential,,"City of North Vancouver, British Columbia, Canada"
residential,,"City of North Vancouver, British Columbia, Canada"
residential,,"City of North Vancouver, British Columbia, Canada"
residential,,"City of North Vancouver, British Columbia, Canada"
residential,,"City of North Vancouver, British Columbia, Canada"
residential,,"City of North Vancouver, British Columbia, Canada"
residential,,"City of North Vancouver, British Columbia, Canada"
residential,,"City of North Vancouver, British Columbia, Canada"
residential,,"City of North Vancouver, British Columbia, Canada"
residential,,"City of North Vancouver, British Columbia, Canada"
residential,,"City of North Vancouver, British Columbia, Canada"
residential,,"City of North Vancouver, British Columbia, Canada"
residential,,"City of North Vancouver, British Columbia, Canada"
residential,,"City of North Vancouver, British Columbia, Canada"
residential,,"City of North Vancouver, British Columbia, Canada"
residential,,"City of North Vancouver, British Columbia, Canada"
residential,,"City of North Vancouver, British Columbia, Canada"
residential,,"City of North Vancouver, British Columbia, Canada"
residential,,"City of North Vancouver, British Columbia, Canada"
residential,,"City of North Vancouver, British Columbia, Canada"
residential,,"City of North Vancouver, British Columbia, Canada"
residential,,"City of North Vancouver, British Columbia, Canada"
residential,,"City of North Vancouver, British Columbia, Canada"
residential,,"City of North Vancouver, British Columbia, Canada"
residential,,"City of North Vancouver, British Columbia, Canada"
residential,,"City of North Vancouver, British Columbia, Canada"
residential,,"City of North Vancouver, British Columbia, Canada"
residential,,"City of North Vancouver, British Columbia, Canada"
residential,,"City of North Vancouver, British Columbia, Canada"
residential,,"City of North Vancouver, British Columbia, Canada"
residential,,"City of North Vancouver, British Columbia, Canada"
retail,,"City of North Vancouver, British Columbia, Canada"
residential,,"City of North Vancouver, British Columbia, Canada"
residential,,"City of North Vancouver, British Columbia, Canada"
retail,,"City of North Vancouver, British Columbia, Canada"
residential,,"City of North Vancouver, British Columbia, Canada"
residential,,"City of North Vancouver, British Columbia, Canada"
residential,,"City of North Vancouver, British Columbia, Canada"
residential,,"City of North Vancouver, British Columbia, Canada"
residential,,"City of North Vancouver, British Columbia, Canada"
residential,,"City of North Vancouver, British Columbia, Canada"
residential,,"City of North Vancouver, British Columbia, Canada"
residential,,"City of North Vancouver, British Columbia, Canada"
residential,,"City of North Vancouver, British Columbia, Canada"
residential,,"City of North Vancouver, British Columbia, Canada"
residential,,"City of North Vancouver, British Columbia, Canada"
residential,,"City of North Vancouver, British Columbia, Canada"
residential,,"City of North Vancouver, British Columbia, Canada"
residential,,"City of North Vancouver, British Columbia, Canada"
residential,,"City of North Vancouver, British Columbia, Canada"
residential,,"City of North Vancouver, British Columbia, Canada"
residential,,"City of North Vancouver, British Columbia, Canada"
residential,,"City of North Vancouver, British Columbia, Canada"
residential,,"City of North Vancouver, British Columbia, Canada"
residential,,"City of North Vancouver, British Columbia, Canada"
residential,,"City of North Vancouver, British Columbia, Canada"
residential,,"City of North Vancouver, British Columbia, Canada"
residential,,"City of North Vancouver, British Columbia, Canada"
residential,,"City of North Vancouver, British Columbia, Canada"
religious,,"City of North Vancouver, British Columbia, Canada"
retail,,"City of North Vancouver, British Columbia, Canada"
retail,,"City of North Vancouver, British Columbia, Canada"
retail,,"City of North Vancouver, British Columbia, Canada"
retail,,"City of North Vancouver, British Columbia, Canada"
retail,,"City of North Vancouver, British Columbia, Canada"
commercial,,"City of North Vancouver, British Columbia, Canada"
retail,,"City of North Vancouver, British Columbia, Canada"
commercial,,"City of North Vancouver, British Columbia, Canada"
residential,,"City of North Vancouver, British Columbia, Canada"
retail,,"City of North Vancouver, British Columbia, Canada"
retail,,"City of North Vancouver, British Columbia, Canada"
retail,,"City of North Vancouver, British Columbia, Canada"
retail,,"City of North Vancouver, British Columbia, Canada"
retail,,"City of North Vancouver, British Columbia, Canada"
retail,,"City of North Vancouver, British Columbia, Canada"
retail,,"City of North Vancouver, British Columbia, Canada"
retail,,"City of North Vancouver, British Columbia, Canada"
retail,,"City of North Vancouver, British Columbia, Canada"
commercial,,"City of North Vancouver, British Columbia, Canada"
retail,,"City of North Vancouver, British Columbia, Canada"
retail,,"City of North Vancouver, British Columbia, Canada"
retail,,"City of North Vancouver, British Columbia, Canada"
residential,,"City of North Vancouver, British Columbia, Canada"
residential,,"City of North Vancouver, British Columbia, Canada"
residential,,"City of North Vancouver, British Columbia, Canada"
residential,,"City of North Vancouver, British Columbia, Canada"
commercial,,"City of North Vancouver, British Columbia, Canada"
commercial,,"City of North Vancouver, British Columbia, Canada"
retail,,"City of North Vancouver, British Columbia, Canada"
retail,,"City of North Vancouver, British Columbia, Canada"
retail,,"City of North Vancouver, British Columbia, Canada"
commercial,,"City of North Vancouver, British Columbia, Canada"
retail,,"City of North Vancouver, British Columbia, Canada"
commercial,,"City of North Vancouver, British Columbia, Canada"
retail,,"City of North Vancouver, British Columbia, Canada"
commercial,,"City of North Vancouver, British Columbia, Canada"
commercial,,"City of North Vancouver, British Columbia, Canada"
commercial,,"City of North Vancouver, British Columbia, Canada"
commercial,,"City of North Vancouver, British Columbia, Canada"
retail,,"City of North Vancouver, British Columbia, Canada"
industrial,,"City of North Vancouver, British Columbia, Canada"
commercial,,"City of North Vancouver, British Columbia, Canada"
residential,,"City of North Vancouver, British Columbia, Canada"
commercial,,"City of North Vancouver, British Columbia, Canada"
residential,,"City of North Vancouver, British Columbia, Canada"
commercial,,"City of North Vancouver, British Columbia, Canada"
commercial,,"City of North Vancouver, British Columbia, Canada"
retail,,"City of North Vancouver, British Columbia, Canada"
commercial,,"City of North Vancouver, British Columbia, Canada"
retail,,"City of North Vancouver, British Columbia, Canada"
commercial,,"City of North Vancouver, British Columbia, Canada"
residential,,"City of North Vancouver, British Columbia, Canada"
residential,,"City of North Vancouver, British Columbia, Canada"
residential,,"City of North Vancouver, British Columbia, Canada"
commercial,,"City of North Vancouver, British Columbia, Canada"
residential,,"City of North Vancouver, British Columbia, Canada"
residential,West Quay,"City of North Vancouver, British Columbia, Canada"
retail,,"City of North Vancouver, British Columbia, Canada"
residential,,"City of North Vancouver, British Columbia, Canada"
retail,,"City of North Vancouver, British Columbia, Canada"
retail,,"City of North Vancouver, British Columbia, Canada"
retail,,"City of North Vancouver, British Columbia, Canada"
residential,,"City of North Vancouver, British Columbia, Canada"
retail,,"City of North Vancouver, British Columbia, Canada"
residential,,"City of North Vancouver, British Columbia, Canada"
residential,,"City of North Vancouver, British Columbia, Canada"
commercial,,"City of North Vancouver, British Columbia, Canada"
commercial,,"City of North Vancouver, British Columbia, Canada"
residential,,"City of North Vancouver, British Columbia, Canada"
retail,,"City of North Vancouver, British Columbia, Canada"
residential,,"City of North Vancouver, British Columbia, Canada"
residential,,"City of North Vancouver, British Columbia, Canada"
residential,,"City of North Vancouver, British Columbia, Canada"
commercial,,"City of North Vancouver, British Columbia, Canada"
commercial,,"City of North Vancouver, British Columbia, Canada"
residential,,"City of North Vancouver, British Columbia, Canada"
residential,,"City of North Vancouver, British Columbia, Canada"
residential,,"City of North Vancouver, British Columbia, Canada"
commercial,,"City of North Vancouver, British Columbia, Canada"
commercial,,"City of North Vancouver, British Columbia, Canada"
religious,,"City of North Vancouver, British Columbia, Canada"
retail,,"City of North Vancouver, British Columbia, Canada"
residential,,"City of North Vancouver, British Columbia, Canada"
retail,,"City of North Vancouver, British Columbia, Canada"
retail,,"City of North Vancouver, British Columbia, Canada"
grass,,"City of North Vancouver, British Columbia, Canada"
construction,,"City of North Vancouver, British Columbia, Canada"
grass,,"City of North Vancouver, British Columbia, Canada"
grass,,"City of North Vancouver, British Columbia, Canada"
grass,,"City of North Vancouver, British Columbia, Canada"
grass,,"City of North Vancouver, British Columbia, Canada"
grass,,"City of North Vancouver, British Columbia, Canada"
construction,,"City of North Vancouver, British Columbia, Canada"
construction,,"City of North Vancouver, British Columbia, Canada"
grass,,"City of North Vancouver, British Columbia, Canada"
grass,,"City of North Vancouver, British Columbia, Canada"
grass,,"City of North Vancouver, British Columbia, Canada"
construction,,"City of North Vancouver, British Columbia, Canada"
construction,,"City of North Vancouver, British Columbia, Canada"
construction,,"City of North Vancouver, British Columbia, Canada"
construction,,"City of North Vancouver, British Columbia, Canada"
construction,,"City of North Vancouver, British Columbia, Canada"
construction,,"City of North Vancouver, British Columbia, Canada"
construction,,"City of North Vancouver, British Columbia, Canada"
industrial,,"City of North Vancouver, British Columbia, Canada"
industrial,,"City of North Vancouver, British Columbia, Canada"
grass,,"City of North Vancouver, British Columbia, Canada"
construction,,"City of North Vancouver, British Columbia, Canada"
grass,,"City of North Vancouver, British Columbia, Canada"
construction,New Harry Jerome,"City of North Vancouver, British Columbia, Canada"
construction,,"City of North Vancouver, British Columbia, Canada"
grass,,"City of North Vancouver, British Columbia, Canada"
grass,,"City of North Vancouver, British Columbia, Canada"
grass,,"City of North Vancouver, British Columbia, Canada"
construction,,"City of North Vancouver, British Columbia, Canada"
construction,,"City of North Vancouver, British Columbia, Canada"
construction,,"City of North Vancouver, British Columbia, Canada"
construction,,"City of North Vancouver, British Columbia, Canada"
construction,,"City of North Vancouver, British Columbia, Canada"
construction,,"City of North Vancouver, British Columbia, Canada"
construction,,"City of North Vancouver, British Columbia, Canada"
construction,,"City of North Vancouver, British Columbia, Canada"
construction,,"City of North Vancouver, British Columbia, Canada"
construction,,"City of North Vancouver, British Columbia, Canada"
construction,,"City of North Vancouver, British Columbia, Canada"
construction,,"City of North Vancouver, British Columbia, Canada"
construction,,"City of North Vancouver, British Columbia, Canada"
